sample,% CD4+,% Foxp3+ in CD4+ (Treg),% Ki-67+ in Foxp3+ (dividing Treg),% RORgt+ in Foxp3+ Treg,FSC-A_SSC-A_subset/single/live/CD4+/Foxp3-_Freq._of_Parent,% T-bet+ in CD4+Foxp3- (Th1),% Ki-67+ in CD4+Foxp3-T-bet+ (dividing Th1),% RORgt+ in CD4+Foxp3- (Th17),% Ki-67+ in CD4+Foxp3-RORgt+ (dividing Th17),% CD8+,% T-bet+ in CD8+ (activated CD8+),% Ki-67+ in CD8+T-bet+ (dividing activated CD8+),% IFN-g+ in CD4+,% IL-17A+ in CD4+,% IFN-g+ in CD8+
1: mLN_681_030.fcs,20.0 %,6.81 %,33.6 %,15.8 %,89.3 %,15.9 %,31.9 %,5.70 %,8.26 %,11.1 %,27.9 %,21.3 %,12.7 %,1.92 %,12.0 %
2: mLN_682_031.fcs,27.7 %,5.82 %,24.9 %,2.40 %,87.1 %,11.0 %,41.3 %,0.43 %,12.8 %,15.0 %,26.7 %,22.0 %,4.78 %,1.16 %,4.70 %
3: mLN_683_032.fcs,33.6 %,9.83 %,25.5 %,4.09 %,87.1 %,10.6 %,34.0 %,1.93 %,6.25 %,17.5 %,23.9 %,15.8 %,3.12 %,1.78 %,11.1 %
4: mLN_684_033.fcs,27.5 %,4.35 %,21.6 %,3.59 %,90.4 %,8.48 %,24.9 %,0.70 %,8.46 %,24.1 %,21.3 %,16.1 %,4.60 %,0.43 %,16.7 %
5: mLN_685_034.fcs,23.5 %,3.20 %,12.5 %,0 %,91.6 %,6.55 %,26.7 %,1.31 %,0 %,21.6 %,15.7 %,40.7 %,18.0 %,1.12 %,21.8 %
6: mLN_686_035.fcs,42.9 %,5.07 %,34.1 %,2.83 %,88.1 %,1.75 %,41.9 %,0.60 %,12.4 %,20.3 %,11.7 %,14.9 %,0.45 %,0.24 %,5.80 %
7: mLN_687_036.fcs,42.0 %,4.00 %,18.5 %,1.53 %,93.0 %,3.60 %,33.3 %,0.62 %,11.5 %,17.5 %,10.0 %,26.2 %,0.69 %,0.60 %,1.43 %
8: mLN_688_037.fcs,35.1 %,6.57 %,19.5 %,2.59 %,85.6 %,5.87 %,27.2 %,0.63 %,12.8 %,21.0 %,12.1 %,20.9 %,0.99 %,0.90 %,2.57 %
9: mLN_689_038.fcs,27.4 %,5.78 %,22.1 %,5.19 %,85.7 %,9.75 %,30.9 %,0.40 %,12.0 %,26.0 %,29.3 %,19.5 %,1.70 %,4.58 %,8.12 %
10: mLN_690_039.fcs,35.1 %,5.53 %,25.1 %,3.79 %,89.5 %,6.87 %,44.2 %,0.37 %,15.1 %,19.9 %,31.0 %,20.8 %,1.32 %,1.66 %,20.9 %
11: mLN_691_040.fcs,36.4 %,4.81 %,21.5 %,3.63 %,90.7 %,4.08 %,41.4 %,0.82 %,1.67 %,17.0 %,6.00 %,26.4 %,2.06 %,2.14 %,2.45 %
12: mLN_692_041.fcs,36.6 %,5.22 %,25.0 %,9.77 %,91.8 %,1.69 %,44.1 %,1.85 %,5.91 %,27.1 %,14.2 %,13.5 %,3.31 %,0.50 %,1.59 %
13: mLN_693_042.fcs,36.7 %,5.80 %,30.9 %,4.49 %,88.9 %,6.69 %,29.1 %,1.30 %,7.51 %,22.8 %,27.7 %,27.2 %,2.34 %,3.15 %,4.88 %
14: mLN_694_043.fcs,24.5 %,5.58 %,30.7 %,3.13 %,89.4 %,7.35 %,34.0 %,0.74 %,14.2 %,12.0 %,17.1 %,36.3 %,1.08 %,2.15 %,5.25 %
15: mLN_695_044.fcs,20.7 %,8.16 %,30.4 %,7.18 %,87.6 %,7.26 %,26.2 %,1.54 %,3.33 %,12.1 %,17.0 %,30.7 %,11.4 %,26.7 %,5.88 %
16: mLN_696_045.fcs,28.6 %,6.37 %,35.1 %,2.76 %,88.7 %,8.25 %,51.2 %,0.90 %,10.2 %,15.2 %,21.1 %,36.7 %,1.53 %,1.63 %,7.68 %
17: mLN_697_046.fcs,47.6 %,8.25 %,11.4 %,4.78 %,90.2 %,2.01 %,21.1 %,1.86 %,5.02 %,17.5 %,9.58 %,10.9 %,4.99 %,11.1 %,0.55 %
18: mLN_698_047.fcs,47.2 %,6.45 %,47.9 %,9.13 %,88.1 %,3.11 %,31.2 %,2.79 %,8.70 %,14.7 %,14.6 %,10.2 %,9.71 %,1.71 %,4.40 %
19: mLN_699_048.fcs,16.0 %,1.42 %,33.3 %,33.3 %,94.8 %,34.8 %,10.0 %,62.7 %,1.59 %,6.45 %,15.2 %,80.0 %,10.8 %,6.67 %,0 %
20: mLN_700_049.fcs,24.8 %,6.64 %,31.0 %,4.43 %,89.4 %,5.54 %,56.4 %,2.62 %,15.0 %,13.0 %,16.5 %,40.4 %,1.58 %,1.87 %,2.00 %
21: mLN_701_050.fcs,53.0 %,4.94 %,27.8 %,6.94 %,92.3 %,2.89 %,54.3 %,2.33 %,12.0 %,16.0 %,28.1 %,17.3 %,3.27 %,4.73 %,2.63 %
22: mLN_702_051.fcs,48.5 %,4.92 %,21.6 %,4.26 %,92.5 %,1.04 %,27.5 %,1.48 %,9.18 %,18.3 %,10.5 %,13.6 %,12.5 %,3.65 %,25.0 %
23: mLN_703_052.fcs,30.7 %,10.6 %,11.4 %,10.5 %,87.3 %,7.38 %,16.5 %,4.01 %,6.81 %,16.1 %,10.5 %,13.6 %,6.68 %,1.59 %,25.2 %
24: mLN_704_053.fcs,22.7 %,3.62 %,26.2 %,7.74 %,88.6 %,12.4 %,44.4 %,1.31 %,16.1 %,14.8 %,49.4 %,39.2 %,5.03 %,2.34 %,15.4 %
25: mLN_705_054.fcs,37.9 %,3.46 %,38.5 %,10.9 %,94.7 %,2.68 %,28.6 %,6.31 %,13.2 %,13.1 %,19.3 %,6.54 %,4.66 %,0.98 %,5.88 %
26: mLN_706_055.fcs,49.8 %,6.51 %,18.6 %,4.30 %,91.5 %,2.13 %,38.4 %,3.14 %,6.35 %,22.3 %,9.25 %,17.0 %,0.74 %,1.48 %,0.65 %
27: mLN_707_056.fcs,40.6 %,7.58 %,17.1 %,26.7 %,90.9 %,5.44 %,13.6 %,6.03 %,6.46 %,20.9 %,11.1 %,13.1 %,0.73 %,0.50 %,10.8 %
28: mLN_708_057.fcs,39.2 %,6.28 %,23.3 %,14.5 %,91.1 %,6.07 %,20.0 %,8.04 %,6.74 %,19.6 %,15.2 %,26.8 %,7.46 %,1.49 %,0 %
29: mLN_709_058.fcs,55.8 %,4.67 %,13.9 %,9.36 %,93.5 %,3.05 %,10.8 %,3.34 %,3.58 %,16.0 %,10.4 %,15.1 %,1.66 %,0.23 %,11.9 %
1: spleen_681_001.fcs,17.7 %,8.46 %,24.4 %,10.3 %,88.7 %,16.3 %,44.6 %,4.73 %,11.7 %,7.36 %,24.0 %,32.2 %,5.21 %,4.27 %,0 %
2: spleen_682_002.fcs,18.0 %,4.74 %,16.2 %,0.51 %,82.9 %,17.9 %,20.0 %,0.70 %,9.34 %,5.93 %,22.0 %,15.2 %,19.9 %,0.94 %,19.3 %
3: spleen_683_003.fcs,21.3 %,11.9 %,29.8 %,1.61 %,83.6 %,23.1 %,25.9 %,2.07 %,4.89 %,9.57 %,23.2 %,14.7 %,21.0 %,3.20 %,5.04 %
4: spleen_684_004.fcs,22.5 %,6.44 %,12.7 %,2.38 %,83.0 %,24.4 %,14.0 %,1.71 %,7.79 %,9.92 %,23.3 %,16.7 %,23.5 %,3.30 %,18.2 %
5: spleen_685_005.fcs,12.7 %,5.67 %,26.9 %,0.95 %,85.2 %,35.3 %,52.9 %,1.57 %,7.53 %,9.61 %,41.3 %,65.3 %,25.8 %,1.28 %,39.5 %
6: spleen_686_006.fcs,23.3 %,7.62 %,33.5 %,13.8 %,82.2 %,6.46 %,36.5 %,5.40 %,11.2 %,13.8 %,11.5 %,21.2 %,3.17 %,1.18 %,1.46 %
7: spleen_687_007.fcs,16.2 %,5.01 %,19.2 %,0.51 %,83.0 %,20.2 %,21.0 %,2.12 %,9.21 %,6.85 %,26.8 %,18.4 %,9.08 %,0.69 %,5.37 %
8: spleen_688_008.fcs,25.3 %,6.52 %,17.5 %,0.86 %,82.5 %,14.9 %,23.6 %,1.27 %,5.95 %,13.7 %,15.1 %,25.9 %,12.7 %,0.75 %,12.9 %
9: spleen_689_009.fcs,19.0 %,8.41 %,23.1 %,0.95 %,82.9 %,22.2 %,36.1 %,2.65 %,12.1 %,13.4 %,43.6 %,28.5 %,6.86 %,3.52 %,2.87 %
10: spleen_690_010.fcs,21.1 %,7.68 %,20.8 %,0.24 %,82.6 %,27.4 %,33.5 %,1.04 %,4.58 %,14.5 %,46.6 %,27.0 %,20.1 %,2.92 %,42.7 %
11: spleen_691_011.fcs,25.5 %,5.70 %,20.7 %,1.61 %,84.9 %,7.42 %,26.2 %,1.45 %,8.28 %,12.8 %,5.67 %,23.6 %,5.99 %,1.76 %,3.38 %
12: spleen_692_012.fcs,16.4 %,8.20 %,39.0 %,0.75 %,85.8 %,6.66 %,47.6 %,2.96 %,3.77 %,13.6 %,11.0 %,24.1 %,2.68 %,2.03 %,0.50 %
13: spleen_693_013.fcs,19.1 %,8.80 %,31.0 %,0.54 %,84.1 %,15.8 %,40.1 %,0.91 %,16.1 %,11.8 %,33.9 %,32.8 %,19.0 %,6.70 %,20.3 %
14: spleen_694_014.fcs,9.54 %,7.70 %,38.2 %,1.24 %,86.2 %,7.21 %,57.3 %,3.69 %,7.70 %,7.46 %,9.95 %,41.7 %,4.54 %,2.61 %,2.28 %
15: spleen_695_015.fcs,21.2 %,6.20 %,17.1 %,0.96 %,89.7 %,10.3 %,27.0 %,1.72 %,8.82 %,9.98 %,25.7 %,27.3 %,7.77 %,1.31 %,9.79 %
16: spleen_696_016.fcs,7.12 %,9.36 %,39.0 %,1.76 %,84.9 %,12.8 %,56.8 %,7.42 %,9.90 %,5.08 %,13.9 %,51.2 %,5.65 %,1.64 %,12.7 %
17: spleen_697_017.fcs,14.6 %,6.56 %,13.9 %,1.50 %,87.0 %,11.3 %,14.7 %,3.09 %,6.68 %,9.40 %,17.1 %,9.83 %,5.61 %,8.71 %,3.91 %
18: spleen_698_018.fcs,25.9 %,6.30 %,26.0 %,12.6 %,85.0 %,6.10 %,17.7 %,9.37 %,7.48 %,11.2 %,13.5 %,11.7 %,0 %,0 %,100 %
19: spleen_699_019.fcs,11.1 %,9.34 %,24.6 %,2.28 %,85.6 %,7.72 %,26.6 %,5.22 %,8.02 %,8.48 %,12.0 %,14.3 %,8.34 %,4.99 %,1.57 %
20: spleen_700_020.fcs,18.3 %,5.01 %,30.0 %,1.64 %,89.3 %,7.60 %,41.4 %,4.44 %,21.7 %,8.86 %,19.1 %,25.2 %,1.96 %,1.97 %,0.96 %
21: spleen_701_021.fcs,35.8 %,5.31 %,24.4 %,1.96 %,87.0 %,3.70 %,42.6 %,2.70 %,8.83 %,13.3 %,25.7 %,18.1 %,8.10 %,9.31 %,0 %
22: spleen_702_022.fcs,11.9 %,6.66 %,32.5 %,2.65 %,86.6 %,8.01 %,35.6 %,5.49 %,15.9 %,6.39 %,18.0 %,14.5 %,6.31 %,6.07 %,1.89 %
23: spleen_703_023.fcs,25.0 %,9.54 %,21.3 %,9.41 %,85.5 %,12.7 %,15.0 %,2.02 %,11.1 %,12.1 %,26.0 %,9.51 %,20.8 %,1.24 %,36.3 %
24: spleen_704_024.fcs,25.4 %,5.64 %,28.2 %,2.97 %,80.8 %,30.5 %,56.5 %,2.18 %,13.5 %,27.1 %,70.8 %,49.2 %,32.3 %,5.01 %,56.5 %
25: spleen_705_025.fcs,13.6 %,3.47 %,40.3 %,9.30 %,89.1 %,9.28 %,22.0 %,9.24 %,8.33 %,4.78 %,19.5 %,7.58 %,13.1 %,8.23 %,2.99 %
26: spleen_706_026.fcs,10.7 %,5.58 %,24.2 %,3.97 %,88.8 %,7.76 %,21.0 %,10.8 %,8.19 %,8.41 %,8.77 %,12.0 %,8.04 %,5.61 %,2.09 %
27: spleen_707_027.fcs,28.6 %,12.7 %,30.0 %,4.79 %,84.8 %,7.41 %,21.0 %,2.36 %,18.9 %,14.7 %,21.9 %,16.3 %,5.48 %,4.52 %,17.4 %
28: spleen_708_028.fcs,23.4 %,6.11 %,45.4 %,4.78 %,91.7 %,3.31 %,39.9 %,1.82 %,16.6 %,12.3 %,15.4 %,20.0 %,5.87 %,0.92 %,5.30 %
29: spleen_709_029.fcs,39.0 %,6.49 %,16.7 %,6.16 %,89.9 %,10.8 %,8.38 %,1.96 %,6.67 %,14.0 %,24.7 %,8.59 %,9.82 %,3.45 %,23.0 %
1: mLN_710_022.fcs,59.2 %,5.46 %,27.2 %,19.3 %,94.5 %,0.99 %,43.7 %,2.26 %,11.0 %,20.8 %,6.18 %,27.9 %,1.87 %,0.28 %,16.9 %
2: mLN_711_023.fcs,59.4 %,3.74 %,29.9 %,9.26 %,96.3 %,2.06 %,23.6 %,1.88 %,12.4 %,14.3 %,6.83 %,23.1 %,1.35 %,0.042 %,5.96 %
3: mLN_712_024.fcs,60.7 %,2.21 %,30.6 %,19.9 %,97.8 %,1.23 %,53.9 %,5.54 %,8.53 %,20.4 %,4.86 %,46.1 %,0.62 %,0.44 %,8.02 %
4: mLN_713_025.fcs,34.9 %,6.47 %,53.0 %,14.9 %,93.5 %,3.15 %,59.6 %,6.36 %,13.6 %,16.6 %,13.8 %,43.7 %,0.19 %,0.41 %,1.22 %
5: mLN_714_026.fcs,53.6 %,4.40 %,21.4 %,7.36 %,95.6 %,1.87 %,37.6 %,1.02 %,24.5 %,19.3 %,12.9 %,18.7 %,0.38 %,0.031 %,9.66 %
6: mLN_715_027.fcs,47.3 %,4.47 %,34.6 %,15.0 %,95.5 %,4.15 %,60.2 %,1.49 %,28.1 %,25.6 %,5.09 %,64.6 %,2.03 %,0.22 %,6.59 %
7: mLN_716_028.fcs,40.5 %,1.65 %,61.5 %,7.69 %,98.4 %,2.06 %,50.0 %,4.76 %,5.41 %,8.41 %,6.71 %,36.4 %,5.63 %,0 %,0 %
8: mLN_717_029.fcs,57.6 %,7.13 %,32.3 %,6.57 %,92.9 %,2.55 %,63.9 %,1.60 %,58.8 %,17.5 %,7.12 %,56.3 %,0.66 %,0.45 %,8.25 %
9: mLN_718_030.fcs,48.4 %,6.97 %,28.4 %,8.51 %,93.0 %,1.29 %,61.4 %,1.49 %,12.9 %,18.7 %,7.06 %,43.4 %,0.65 %,0.28 %,7.92 %
10: mLN_719_031.fcs,50.8 %,8.19 %,32.8 %,15.6 %,91.8 %,0.85 %,70.2 %,2.97 %,19.3 %,14.8 %,5.44 %,47.2 %,0.13 %,0.72 %,1.61 %
11: mLN_720_032.fcs,48.4 %,5.41 %,51.2 %,12.2 %,94.6 %,1.59 %,78.0 %,4.71 %,14.8 %,22.5 %,11.8 %,61.5 %,0.054 %,0.11 %,1.28 %
12: mLN_721_033.fcs,27.5 %,9.53 %,44.3 %,4.03 %,90.5 %,1.93 %,64.8 %,0.87 %,11.3 %,14.4 %,7.34 %,39.1 %,0.048 %,0.80 %,1.01 %
13: mLN_722_034.fcs,41.3 %,5.92 %,59.6 %,17.1 %,94.1 %,3.11 %,62.0 %,1.76 %,13.3 %,18.0 %,23.0 %,64.3 %,0.39 %,0.88 %,5.01 %
14: mLN_723_035.fcs,49.3 %,4.72 %,50.8 %,11.2 %,95.3 %,2.17 %,66.3 %,0.83 %,25.7 %,20.7 %,16.1 %,62.1 %,0.16 %,0.13 %,0.83 %
15: mLN_724_036.fcs,68.5 %,4.63 %,75.1 %,26.8 %,95.4 %,2.97 %,59.8 %,3.66 %,11.0 %,15.1 %,28.7 %,85.0 %,0.23 %,0.13 %,1.19 %
16: mLN_725_037.fcs,36.6 %,9.38 %,28.0 %,4.78 %,90.6 %,1.22 %,70.4 %,2.08 %,8.10 %,11.7 %,7.82 %,33.4 %,0.16 %,0.087 %,0.091 %
17: mLN_726_038.fcs,64.9 %,5.34 %,13.2 %,5.63 %,94.7 %,0.86 %,37.4 %,1.52 %,7.96 %,10.6 %,6.86 %,29.9 %,0.34 %,0.17 %,3.74 %
18: mLN_727_039.fcs,60.5 %,5.81 %,20.0 %,1.60 %,94.2 %,0.74 %,44.5 %,0.49 %,6.59 %,21.5 %,5.35 %,25.7 %,0.15 %,0.049 %,2.48 %
19: mLN_728_040.fcs,58.1 %,3.50 %,44.7 %,9.49 %,96.5 %,0.49 %,82.8 %,0.55 %,13.6 %,12.1 %,7.38 %,39.2 %,0.11 %,0.14 %,0.77 %
20: mLN_729_041.fcs,49.2 %,8.01 %,18.9 %,10.6 %,92.0 %,2.70 %,27.4 %,1.30 %,5.29 %,10.0 %,15.9 %,36.1 %,0.28 %,0.22 %,2.94 %
21: mLN_730_042.fcs,50.9 %,5.98 %,35.0 %,15.3 %,94.0 %,0.81 %,55.9 %,2.27 %,20.5 %,19.9 %,9.51 %,21.0 %,0.29 %,0.13 %,33.9 %
1: spleen_710_001.fcs,32.9 %,8.10 %,20.7 %,7.02 %,91.9 %,0.79 %,41.7 %,0.62 %,13.3 %,14.4 %,3.47 %,22.4 %,3.57 %,0.034 %,14.3 %
2: spleen_711_002.fcs,43.4 %,3.33 %,25.4 %,4.28 %,96.7 %,2.35 %,37.9 %,0.64 %,22.9 %,8.99 %,12.3 %,35.3 %,3.70 %,0.26 %,1.89 %
3: spleen_712_003.fcs,22.9 %,9.02 %,21.5 %,6.58 %,91.0 %,4.33 %,48.4 %,2.76 %,19.2 %,7.75 %,4.20 %,51.1 %,13.8 %,0.37 %,19.3 %
4: spleen_713_004.fcs,5.48 %,14.9 %,59.2 %,4.02 %,85.1 %,4.14 %,92.7 %,6.56 %,24.6 %,3.24 %,4.35 %,76.7 %,3.04 %,0.91 %,2.78 %
5: spleen_714_005.fcs,40.8 %,9.95 %,21.3 %,5.29 %,90.0 %,3.89 %,26.8 %,1.50 %,11.6 %,10.2 %,19.0 %,20.8 %,6.01 %,0.069 %,26.1 %
6: spleen_715_006.fcs,38.7 %,7.03 %,27.5 %,4.27 %,93.0 %,2.98 %,52.5 %,0.91 %,30.3 %,13.5 %,1.39 %,44.6 %,7.55 %,0.17 %,10.8 %
7: spleen_716_007.fcs,20.6 %,9.98 %,41.9 %,9.54 %,90.0 %,2.67 %,70.7 %,7.18 %,19.9 %,4.52 %,9.42 %,44.0 %,3.51 %,0 %,2.46 %
8: spleen_717_008.fcs,10.8 %,12.3 %,24.6 %,6.10 %,87.7 %,1.35 %,54.9 %,3.98 %,25.3 %,4.48 %,1.53 %,64.8 %,11.7 %,0.32 %,14.9 %
9: spleen_718_009.fcs,25.2 %,7.54 %,26.7 %,5.72 %,92.5 %,2.87 %,46.9 %,2.06 %,33.5 %,12.8 %,7.68 %,43.7 %,4.71 %,0.19 %,5.06 %
10: spleen_719_010.fcs,14.5 %,11.7 %,22.5 %,6.46 %,88.3 %,1.17 %,38.7 %,3.55 %,16.8 %,6.62 %,2.88 %,46.7 %,4.21 %,0.29 %,2.06 %
11: spleen_720_011.fcs,11.1 %,9.08 %,51.4 %,14.7 %,90.9 %,3.01 %,49.0 %,9.90 %,23.4 %,4.40 %,6.62 %,60.9 %,3.46 %,0.38 %,0.94 %
12: spleen_721_012.fcs,7.92 %,12.0 %,17.7 %,4.17 %,88.0 %,5.09 %,19.0 %,3.15 %,3.46 %,3.49 %,8.32 %,24.7 %,5.77 %,0.72 %,6.91 %
13: spleen_722_013.fcs,22.9 %,7.79 %,24.5 %,3.45 %,92.2 %,10.7 %,42.1 %,1.76 %,16.9 %,11.3 %,13.1 %,43.4 %,9.04 %,0.49 %,10.3 %
14: spleen_723_014.fcs,22.3 %,7.03 %,23.1 %,1.30 %,93.0 %,5.97 %,49.2 %,1.98 %,43.4 %,10.4 %,6.81 %,51.5 %,8.51 %,0.75 %,13.0 %
15: spleen_724_015.fcs,36.2 %,10.6 %,25.5 %,7.54 %,89.4 %,0.77 %,53.9 %,1.41 %,44.4 %,8.72 %,5.03 %,55.4 %,9.10 %,0.27 %,12.7 %
16: spleen_725_016.fcs,15.2 %,12.5 %,25.3 %,0.42 %,87.5 %,0.43 %,62.5 %,0.73 %,3.85 %,6.71 %,1.03 %,62.0 %,1.99 %,0.15 %,1.95 %
17: spleen_726_017.fcs,42.6 %,4.70 %,20.9 %,7.30 %,95.3 %,0.89 %,23.9 %,1.93 %,7.03 %,10.1 %,4.84 %,28.0 %,2.51 %,0.33 %,6.17 %
18: spleen_727_018.fcs,22.9 %,8.35 %,22.4 %,2.00 %,91.7 %,4.02 %,29.2 %,4.48 %,5.04 %,12.1 %,12.5 %,26.4 %,4.67 %,0.56 %,14.2 %
19: spleen_728_019.fcs,42.0 %,4.27 %,36.0 %,15.4 %,95.3 %,1.87 %,30.8 %,9.60 %,8.25 %,10.3 %,7.32 %,23.8 %,1.50 %,0.32 %,1.15 %
20: spleen_729_020.fcs,28.5 %,12.6 %,18.9 %,7.96 %,87.4 %,4.64 %,22.4 %,1.50 %,5.15 %,8.52 %,11.1 %,32.1 %,6.53 %,0.43 %,19.8 %
21: spleen_730_021.fcs,38.7 %,7.81 %,29.4 %,10.4 %,92.2 %,1.98 %,46.9 %,2.63 %,21.9 %,15.0 %,14.8 %,18.6 %,1.53 %,0.075 %,29.9 %
1: mLN_763_046.fcs,28.7 %,4.49 %,25.8 %,8.63 %,95.5 %,4.99 %,46.1 %,0.94 %,25.1 %,11.2 %,5.26 %,40.8 %,0.57 %,0.048 %,2.57 %
2: mLN_764_047.fcs,45.4 %,8.66 %,19.3 %,7.23 %,91.3 %,1.96 %,36.0 %,1.09 %,14.3 %,12.5 %,10.2 %,19.4 %,0.51 %,0.22 %,9.26 %
3: mLN_765_048.fcs,46.1 %,4.20 %,25.0 %,12.8 %,96.0 %,2.06 %,39.5 %,1.19 %,21.3 %,9.41 %,7.89 %,39.4 %,1.42 %,0 %,3.23 %
4: mLN_766_049.fcs,32.8 %,3.53 %,29.4 %,9.48 %,96.5 %,1.09 %,49.2 %,1.01 %,22.4 %,4.97 %,4.97 %,37.8 %,0.56 %,0 %,9.52 %
5: mLN_767_050.fcs,51.1 %,2.69 %,39.8 %,9.78 %,97.3 %,2.10 %,46.8 %,1.10 %,25.8 %,10.7 %,5.64 %,50.4 %,0.92 %,0.080 %,18.2 %
6: mLN_768_051.fcs,56.0 %,9.10 %,11.5 %,10.1 %,90.9 %,4.48 %,44.1 %,3.61 %,9.33 %,3.94 %,9.32 %,53.3 %,5.19 %,0 %,6.90 %
7: mLN_769_052.fcs,35.9 %,3.07 %,38.4 %,11.0 %,96.9 %,2.20 %,40.7 %,1.23 %,48.9 %,7.37 %,7.02 %,42.8 %,1.50 %,0.34 %,26.2 %
8: mLN_770_053.fcs,18.9 %,7.34 %,33.2 %,3.65 %,92.7 %,15.8 %,42.8 %,2.98 %,13.6 %,10.7 %,34.9 %,51.6 %,3.57 %,0.23 %,5.16 %
9: mLN_771_054.fcs,25.2 %,5.77 %,13.8 %,5.59 %,94.0 %,6.37 %,31.9 %,0.90 %,14.7 %,13.9 %,22.1 %,26.7 %,3.63 %,0.63 %,15.7 %
10: mLN_772_055.fcs,46.8 %,4.66 %,30.0 %,9.31 %,95.3 %,5.60 %,34.7 %,1.43 %,26.2 %,10.1 %,13.3 %,30.7 %,0.88 %,0.11 %,3.12 %
11: mLN_773_056.fcs,47.2 %,3.87 %,22.2 %,10.7 %,96.1 %,1.72 %,40.4 %,1.00 %,26.7 %,9.06 %,7.70 %,49.2 %,0.82 %,0.29 %,15.6 %
12: mLN_774_057.fcs,52.0 %,3.04 %,18.9 %,9.14 %,97.0 %,0.93 %,36.5 %,0.77 %,9.30 %,6.90 %,3.79 %,48.3 %,1.24 %,0 %,4.92 %
13: mLN_775_058.fcs,39.7 %,4.39 %,25.5 %,6.73 %,95.6 %,3.36 %,39.0 %,1.15 %,29.8 %,6.44 %,5.20 %,49.2 %,1.90 %,0.71 %,21.0 %
14: mLN_776_059.fcs,35.3 %,6.27 %,27.5 %,5.09 %,93.3 %,6.50 %,30.1 %,1.10 %,20.0 %,13.5 %,12.8 %,43.7 %,1.14 %,0.25 %,2.14 %
15: mLN_777_060.fcs,29.3 %,2.89 %,34.2 %,14.3 %,97.1 %,12.4 %,39.8 %,1.10 %,32.9 %,15.8 %,14.4 %,35.8 %,3.99 %,0.87 %,3.94 %
16: mLN_778_061.fcs,36.2 %,5.87 %,22.8 %,7.95 %,94.1 %,2.68 %,43.3 %,1.18 %,32.9 %,10.3 %,6.58 %,68.4 %,0.63 %,0.48 %,2.50 %
17: mLN_779_062.fcs,34.7 %,7.19 %,22.4 %,8.60 %,92.8 %,5.01 %,31.7 %,3.38 %,20.6 %,7.61 %,10.7 %,50.6 %,2.47 %,0.86 %,17.9 %
18: mLN_780_063.fcs,46.0 %,2.41 %,32.4 %,5.64 %,97.6 %,0.96 %,37.6 %,0.69 %,17.6 %,7.10 %,5.04 %,39.8 %,1.43 %,0.10 %,13.5 %
19: mLN_781_064.fcs,38.9 %,4.81 %,32.6 %,14.2 %,95.2 %,1.51 %,54.3 %,0.80 %,18.5 %,25.0 %,4.49 %,37.6 %,0.38 %,0.083 %,0 %
20: mLN_782_065.fcs,59.7 %,3.94 %,40.6 %,13.5 %,96.1 %,0.50 %,56.0 %,1.39 %,30.0 %,9.94 %,4.81 %,54.8 %,0.57 %,0.11 %,7.87 %
21: mLN_783_066.fcs,45.8 %,5.93 %,22.0 %,13.1 %,94.1 %,1.08 %,46.3 %,0.75 %,14.3 %,17.0 %,5.68 %,19.0 %,0.11 %,0.021 %,0.52 %
22: mLN_784_067.fcs,42.4 %,6.18 %,12.4 %,6.18 %,93.8 %,0.95 %,47.6 %,0.84 %,9.70 %,13.6 %,6.83 %,21.4 %,0.41 %,0 %,0 %
23: mLN_785_068.fcs,52.6 %,6.21 %,16.2 %,8.55 %,93.8 %,1.91 %,36.5 %,1.03 %,14.3 %,19.2 %,8.64 %,32.7 %,0.52 %,0.19 %,4.53 %
24: mLN_786_069.fcs,34.6 %,9.82 %,14.3 %,6.94 %,90.2 %,1.88 %,58.6 %,1.31 %,17.7 %,29.2 %,2.91 %,71.1 %,0.94 %,0 %,1.01 %
25: mLN_787_070.fcs,39.1 %,7.01 %,17.9 %,4.88 %,93.0 %,1.71 %,61.5 %,1.35 %,17.5 %,13.4 %,9.70 %,75.6 %,0.093 %,0.12 %,1.76 %
26: mLN_788_071.fcs,47.7 %,6.19 %,19.3 %,3.36 %,93.8 %,1.33 %,48.9 %,0.65 %,20.1 %,22.6 %,4.42 %,33.6 %,0.15 %,0.23 %,3.79 %
27: mLN_789_072.fcs,40.4 %,8.65 %,35.4 %,1.54 %,91.3 %,3.75 %,69.9 %,0.60 %,49.6 %,21.3 %,11.4 %,70.3 %,0.24 %,0.16 %,8.29 %
28: mLN_790_073.fcs,43.4 %,4.77 %,35.8 %,6.95 %,95.2 %,3.40 %,50.3 %,1.65 %,32.5 %,16.7 %,13.8 %,30.2 %,0.59 %,0.32 %,3.64 %
29: mLN_791_074.fcs,30.4 %,64.7 %,0 %,90.9 %,35.3 %,50.0 %,0 %,66.7 %,0 %,1.79 %,0 %,0 %,0 %,2.47 %,0 %
30: mLN_792_075.fcs,34.9 %,7.94 %,45.0 %,2.48 %,92.1 %,7.69 %,79.9 %,0.66 %,55.0 %,16.4 %,14.2 %,69.2 %,0 %,0 %,0.91 %
31: mLN_793_076.fcs,42.4 %,12.7 %,13.2 %,2.99 %,87.3 %,6.86 %,28.7 %,0.94 %,14.9 %,24.0 %,19.6 %,33.8 %,1.00 %,0.35 %,4.82 %
32: mLN_794_077.fcs,26.6 %,14.0 %,27.0 %,2.24 %,86.0 %,5.51 %,63.8 %,0.74 %,36.6 %,24.2 %,28.7 %,80.4 %,0.53 %,0.85 %,3.95 %
33: mLN_795_078.fcs,35.0 %,13.7 %,19.5 %,3.11 %,86.3 %,4.11 %,55.6 %,0.89 %,35.1 %,22.7 %,7.49 %,49.5 %,0.32 %,1.04 %,2.56 %
34: mLN_796_079.fcs,37.5 %,11.1 %,9.63 %,7.82 %,88.9 %,1.37 %,42.6 %,0.85 %,23.3 %,23.7 %,1.55 %,40.4 %,0.15 %,0.15 %,1.38 %
35: mLN_797_080.fcs,30.4 %,11.9 %,40.2 %,1.57 %,88.1 %,6.53 %,65.8 %,0.48 %,57.7 %,26.2 %,14.8 %,62.2 %,0.68 %,0.62 %,8.87 %
36: mLN_798_081.fcs,37.6 %,8.47 %,25.1 %,8.18 %,91.5 %,5.18 %,51.7 %,1.72 %,41.3 %,33.4 %,7.38 %,32.7 %,0.34 %,0.81 %,1.75 %
37: mLN_799_082.fcs,31.4 %,15.2 %,24.6 %,4.05 %,84.8 %,5.96 %,62.3 %,1.05 %,32.7 %,27.1 %,3.27 %,76.7 %,1.01 %,2.10 %,4.80 %
38: mLN_800_083.fcs,46.9 %,11.8 %,41.1 %,16.2 %,88.2 %,2.94 %,61.6 %,3.26 %,46.2 %,17.2 %,5.60 %,52.1 %,0.15 %,0.15 %,2.15 %
39: mLN_801_084.fcs,31.2 %,12.7 %,16.4 %,3.76 %,87.3 %,4.97 %,34.8 %,0.89 %,26.5 %,44.4 %,4.98 %,39.0 %,0.53 %,0.65 %,3.54 %
40: mLN_802_085.fcs,39.0 %,11.8 %,12.9 %,1.86 %,88.2 %,2.74 %,47.2 %,0.33 %,23.2 %,37.8 %,2.21 %,46.8 %,1.03 %,0.21 %,5.68 %
41: mLN_803_086.fcs,34.7 %,15.8 %,15.2 %,2.41 %,84.2 %,1.93 %,36.8 %,0.73 %,14.9 %,20.8 %,2.65 %,41.9 %,0.33 %,1.42 %,2.94 %
42: mLN_804_087.fcs,31.8 %,13.9 %,22.1 %,1.62 %,85.7 %,4.22 %,56.8 %,0.40 %,38.4 %,23.6 %,4.97 %,63.3 %,0.80 %,1.33 %,6.02 %
43: mLN_805_088.fcs,32.2 %,15.0 %,33.1 %,2.67 %,84.5 %,7.33 %,54.3 %,0.72 %,33.8 %,22.4 %,6.39 %,63.1 %,1.12 %,1.47 %,2.70 %
44: mLN_806_089.fcs,35.4 %,16.7 %,12.4 %,3.72 %,83.2 %,2.41 %,42.6 %,0.87 %,11.5 %,22.6 %,4.02 %,40.9 %,0.65 %,0.29 %,2.97 %
45: mLN_807_090.fcs,30.1 %,15.0 %,17.2 %,2.32 %,84.5 %,5.32 %,44.6 %,1.25 %,13.2 %,24.5 %,7.70 %,57.0 %,0.89 %,0.38 %,1.50 %
1: spleen_763_001.fcs,19.1 %,5.70 %,35.3 %,8.16 %,94.3 %,6.35 %,32.4 %,1.72 %,28.5 %,7.03 %,7.45 %,20.4 %,3.70 %,0.34 %,9.42 %
1: spleen_764_002.fcs,17.4 %,7.90 %,32.3 %,6.47 %,92.1 %,9.96 %,37.0 %,1.57 %,31.3 %,7.23 %,19.9 %,34.7 %,5.40 %,0.95 %,10.8 %
1: spleen_765_003.fcs,19.0 %,5.05 %,42.6 %,6.20 %,95.0 %,3.59 %,43.7 %,1.53 %,31.1 %,8.94 %,7.29 %,21.1 %,2.39 %,0.98 %,5.20 %
1: spleen_766_004.fcs,23.7 %,4.08 %,45.2 %,3.08 %,95.9 %,2.29 %,40.6 %,0.52 %,30.0 %,5.43 %,5.65 %,32.0 %,2.44 %,0 %,6.49 %
1: spleen_767_005.fcs,26.3 %,4.66 %,38.7 %,5.64 %,95.3 %,4.99 %,49.3 %,1.21 %,29.1 %,10.0 %,10.0 %,46.0 %,4.78 %,0.17 %,21.8 %
1: spleen_768_006.fcs,11.8 %,3.66 %,60.2 %,5.48 %,96.3 %,26.5 %,90.1 %,1.93 %,35.0 %,2.42 %,50.1 %,93.4 %,17.5 %,1.13 %,51.5 %
1: spleen_769_007.fcs,16.5 %,6.13 %,48.4 %,4.39 %,93.9 %,6.43 %,32.7 %,1.35 %,32.8 %,4.71 %,14.6 %,24.8 %,4.75 %,0.26 %,26.1 %
1: spleen_770_008.fcs,14.7 %,7.13 %,29.6 %,2.72 %,92.9 %,21.1 %,40.5 %,1.04 %,9.80 %,9.69 %,41.3 %,24.9 %,9.99 %,0.48 %,35.8 %
1: spleen_771_009.fcs,11.1 %,8.22 %,17.8 %,1.87 %,92.0 %,17.0 %,29.4 %,1.31 %,22.1 %,4.98 %,25.5 %,38.2 %,17.9 %,0.17 %,21.2 %
1: spleen_772_010.fcs,18.1 %,4.54 %,46.0 %,5.85 %,95.3 %,2.48 %,45.7 %,0.74 %,37.9 %,4.42 %,6.74 %,29.6 %,2.18 %,0.14 %,13.9 %
1: spleen_773_011.fcs,21.9 %,4.44 %,26.7 %,2.36 %,95.6 %,2.86 %,42.1 %,0.93 %,29.4 %,8.61 %,10.3 %,49.2 %,3.97 %,0.12 %,17.7 %
1: spleen_774_012.fcs,23.1 %,4.29 %,39.6 %,3.53 %,95.7 %,4.69 %,38.5 %,0.73 %,38.6 %,5.90 %,12.3 %,40.6 %,3.35 %,0.22 %,22.0 %
1: spleen_775_013.fcs,19.3 %,11.6 %,32.4 %,3.25 %,88.4 %,11.1 %,35.4 %,1.45 %,31.7 %,4.04 %,15.2 %,30.2 %,10.5 %,0.16 %,38.8 %
1: spleen_776_014.fcs,18.5 %,5.43 %,39.2 %,3.94 %,94.6 %,17.1 %,47.1 %,1.17 %,34.9 %,5.68 %,16.4 %,53.6 %,6.28 %,0.86 %,7.75 %
1: spleen_777_015.fcs,12.8 %,5.41 %,31.3 %,8.13 %,94.6 %,21.7 %,24.4 %,1.18 %,35.6 %,7.89 %,51.5 %,17.6 %,13.0 %,0.53 %,31.3 %
1: spleen_778_016.fcs,17.8 %,8.12 %,25.2 %,4.69 %,91.9 %,14.5 %,49.9 %,1.65 %,22.8 %,6.59 %,26.9 %,55.1 %,8.00 %,0.44 %,28.2 %
1: spleen_779_017.fcs,15.3 %,9.41 %,26.4 %,3.33 %,90.6 %,8.75 %,20.0 %,1.70 %,24.8 %,2.33 %,12.3 %,41.7 %,7.73 %,0.41 %,31.1 %
1: spleen_780_018.fcs,19.4 %,3.92 %,46.9 %,4.88 %,96.1 %,3.41 %,43.6 %,0.52 %,35.4 %,4.14 %,9.60 %,40.3 %,2.70 %,0.18 %,28.9 %
1: spleen_781_019.fcs,24.5 %,5.10 %,39.5 %,6.83 %,94.9 %,5.71 %,37.4 %,1.16 %,30.5 %,16.6 %,7.33 %,43.9 %,3.06 %,0.16 %,3.46 %
1: spleen_782_020.fcs,30.0 %,4.74 %,52.8 %,3.11 %,95.3 %,0.96 %,63.1 %,0.74 %,44.3 %,6.85 %,4.41 %,47.0 %,0.63 %,0.15 %,5.44 %
1: spleen_783_021.fcs,8.50 %,7.50 %,26.6 %,5.90 %,92.5 %,5.63 %,42.6 %,1.38 %,15.2 %,4.26 %,10.9 %,30.5 %,2.25 %,0.11 %,1.17 %
1: spleen_784_022.fcs,15.3 %,8.59 %,25.7 %,1.43 %,91.4 %,5.88 %,42.6 %,1.00 %,24.7 %,6.81 %,13.0 %,23.7 %,2.63 %,0.17 %,0.85 %
1: spleen_785_023.fcs,20.5 %,7.99 %,30.2 %,2.32 %,92.0 %,5.36 %,35.2 %,1.17 %,20.8 %,12.3 %,14.9 %,27.9 %,12.7 %,0.20 %,7.36 %
1: spleen_786_024.fcs,16.0 %,16.3 %,20.6 %,5.46 %,83.7 %,13.6 %,55.1 %,3.26 %,10.1 %,15.6 %,18.6 %,51.7 %,6.63 %,0 %,1.37 %
1: spleen_787_025.fcs,12.8 %,7.13 %,40.4 %,2.95 %,92.9 %,7.82 %,65.3 %,2.00 %,11.8 %,7.01 %,25.1 %,90.8 %,5.51 %,0.59 %,4.71 %
1: spleen_788_026.fcs,14.8 %,6.88 %,31.7 %,2.66 %,93.1 %,7.42 %,35.3 %,0.60 %,26.8 %,12.0 %,11.1 %,19.9 %,5.32 %,0.80 %,2.00 %
1: spleen_789_027.fcs,13.0 %,10.3 %,34.3 %,1.51 %,89.7 %,20.3 %,38.9 %,2.05 %,16.1 %,8.01 %,31.6 %,54.3 %,15.5 %,0.62 %,3.85 %
1: spleen_790_028.fcs,12.7 %,5.92 %,38.7 %,1.98 %,94.1 %,12.6 %,55.8 %,2.01 %,28.7 %,8.84 %,23.5 %,54.3 %,13.5 %,0.28 %,7.60 %
1: spleen_791_029.fcs,19.6 %,7.86 %,21.2 %,1.29 %,92.1 %,5.67 %,40.9 %,0.73 %,6.67 %,10.4 %,13.3 %,22.8 %,2.65 %,0.31 %,3.47 %
1: spleen_792_030.fcs,12.1 %,12.4 %,49.1 %,3.35 %,87.6 %,9.33 %,60.5 %,3.95 %,33.3 %,6.51 %,17.7 %,40.4 %,8.09 %,0.99 %,3.12 %
1: spleen_793_031.fcs,20.1 %,12.9 %,17.6 %,1.83 %,87.1 %,13.4 %,22.0 %,1.26 %,5.92 %,17.3 %,32.9 %,18.2 %,7.34 %,0.39 %,7.38 %
1: spleen_794_032.fcs,10.5 %,17.4 %,31.9 %,0.43 %,82.6 %,30.4 %,67.4 %,1.70 %,8.27 %,10.2 %,39.8 %,90.2 %,10.1 %,0.25 %,11.0 %
1: spleen_795_033.fcs,22.2 %,10.9 %,25.1 %,1.56 %,89.1 %,11.7 %,52.7 %,0.81 %,11.3 %,15.3 %,9.98 %,58.2 %,15.9 %,0.25 %,9.89 %
1: spleen_796_034.fcs,21.3 %,14.9 %,18.4 %,3.93 %,85.1 %,8.52 %,36.5 %,1.75 %,20.8 %,18.0 %,7.09 %,37.8 %,4.56 %,0.25 %,2.75 %
1: spleen_797_035.fcs,18.1 %,14.2 %,35.0 %,0.93 %,85.8 %,20.4 %,50.9 %,1.73 %,13.4 %,13.1 %,31.5 %,60.1 %,11.8 %,0.27 %,20.2 %
1: spleen_798_036.fcs,26.9 %,10.6 %,25.0 %,3.25 %,89.4 %,19.6 %,29.3 %,2.30 %,21.3 %,19.0 %,33.9 %,26.7 %,22.4 %,0.34 %,7.55 %
1: spleen_799_037.fcs,22.0 %,13.5 %,26.2 %,1.58 %,86.5 %,14.4 %,36.8 %,2.33 %,8.13 %,18.6 %,7.44 %,28.5 %,10.4 %,0.89 %,3.24 %
1: spleen_800_038.fcs,16.1 %,16.2 %,41.6 %,5.01 %,83.8 %,9.44 %,62.5 %,5.58 %,28.5 %,6.24 %,11.0 %,48.2 %,2.10 %,0.32 %,2.13 %
1: spleen_801_039.fcs,21.5 %,10.3 %,18.1 %,1.40 %,89.7 %,11.9 %,22.6 %,1.25 %,12.5 %,26.2 %,12.6 %,26.8 %,13.7 %,0.097 %,13.0 %
1: spleen_802_040.fcs,20.9 %,12.6 %,20.0 %,0.51 %,87.4 %,13.1 %,46.9 %,0.80 %,9.93 %,23.9 %,9.39 %,45.5 %,16.9 %,0.017 %,9.25 %
1: spleen_803_041.fcs,23.0 %,19.3 %,23.9 %,1.04 %,80.2 %,11.1 %,27.8 %,1.91 %,11.6 %,18.4 %,14.3 %,34.1 %,10.8 %,0.29 %,17.3 %
1: spleen_804_042.fcs,25.4 %,12.7 %,29.7 %,1.26 %,86.5 %,12.9 %,36.3 %,0.96 %,22.2 %,22.6 %,11.1 %,29.0 %,8.62 %,0.15 %,2.11 %
1: spleen_805_043.fcs,36.0 %,11.7 %,30.4 %,1.90 %,88.3 %,15.6 %,39.6 %,0.77 %,37.3 %,14.8 %,18.9 %,29.6 %,5.42 %,0.35 %,4.87 %
1: spleen_806_044.fcs,36.8 %,10.9 %,32.0 %,0.74 %,89.1 %,13.7 %,43.8 %,0.81 %,33.3 %,14.5 %,17.6 %,27.7 %,6.80 %,0.30 %,3.83 %
1: spleen_807_045.fcs,22.7 %,19.5 %,22.5 %,0.54 %,80.5 %,6.98 %,38.5 %,1.02 %,8.31 %,17.1 %,12.9 %,36.2 %,10.8 %,0.13 %,6.89 %
